{"cameraMode":{"drawMode":0,"name":"Shaded","section":"Shading Mode"},"sceneLighting":true,"audioPlay":false,"sceneViewState":{"m_AlwaysRefresh":false,"showFog":true,"showSkybox":true,"showFlares":true,"showImageEffects":true,"showParticleSystems":true,"showVisualEffectGraphs":true,"m_FxEnabled":true},"in2DMode":false,"pivot":{"x":109.961181640625,"y":21.788789749145509,"z":64.20664978027344},"rotation":{"x":0.37627652287483218,"y":-0.012510629370808602,"z":0.005082243122160435,"w":0.9264113903045654},"size":36.24973678588867,"orthographic":false}